student_id,average_sem1,average_sem2,average_sem3,attendance,failed_subjects,repeated_subjects,dropout
S00001,2.84,2.53,2.18,83.41,3,2,0
S00002,4.19,3.96,3.81,91.1,0,0,0
S00003,3.39,3.2,2.9,86.73,1,2,0
S00004,3.9,4.03,3.83,88.84,1,1,0
S00005,3.04,2.51,1.54,54.38,6,3,0
S00006,4.01,3.91,3.9,66.15,1,1,0
S00007,3.27,2.87,2.36,71.7,3,3,1
S00008,3.78,3.76,3.31,80.87,3,2,1
S00009,3.18,3.33,3.31,70.49,2,0,1
S00010,4.04,3.93,3.78,98.97,1,0,0
S00011,4.88,4.86,4.74,86.44,1,1,0
S00012,3.91,4.16,4.16,83.64,0,0,0
S00013,4.55,4.6,4.54,92.73,1,1,0
S00014,1.82,1.14,0.43,60.4,4,3,1
S00015,4.24,4.46,4.65,86.74,0,0,0
S00016,4.49,4.55,4.38,95.73,0,1,0
S00017,4.11,4.35,4.5,86.31,0,0,0
S00018,2.9,2.93,2.97,68.21,2,2,1
S00019,3.65,3.82,3.97,83.88,3,0,0
S00020,4.54,4.48,4.68,90.13,0,0,0
S00021,4.38,4.42,4.17,94.74,0,0,0
S00022,4.06,4.07,3.96,90.74,0,1,0
S00023,3.37,2.94,2.9,73.86,2,1,0
S00024,4.51,4.59,4.37,95.11,0,0,0
S00025,3.0,2.62,2.45,86.86,1,1,0
S00026,1.97,1.34,0.76,40.56,2,2,1
S00027,3.1,2.88,2.42,74.47,2,1,0
S00028,2.28,1.63,0.87,69.77,5,2,1
S00029,3.68,3.8,3.58,87.64,0,1,0
S00030,2.07,1.2,1.03,47.06,6,1,1
S00031,3.77,3.96,3.84,92.7,0,1,0
S00032,3.24,2.93,2.89,72.85,2,1,1
S00033,3.44,3.59,3.75,65.23,3,2,0
S00034,3.9,3.78,4.0,97.86,0,1,0
S00035,4.36,4.26,4.5,96.53,0,1,0
S00036,4.83,4.71,4.91,95.36,0,1,0
S00037,4.08,4.17,4.35,91.1,1,0,0
S00038,3.99,3.74,3.87,93.47,1,0,0
S00039,3.4,2.91,2.46,87.08,1,2,1
S00040,4.37,4.34,4.11,88.56,0,1,0
S00041,3.74,3.88,4.08,89.31,0,0,0
S00042,3.18,2.37,2.25,67.99,4,4,0
S00043,3.18,2.86,2.06,44.11,2,4,1
S00044,2.58,2.24,1.42,48.65,2,2,1
S00045,3.7,3.83,3.76,91.17,1,0,0
S00046,2.1,1.23,0.89,44.12,5,3,1
S00047,4.45,4.45,4.4,92.38,1,0,0
S00048,4.9,4.92,5,95.36,0,1,0
S00049,3.37,2.77,2.07,44.74,4,3,1
S00050,4.58,4.6,4.45,93.97,1,0,0
S00051,4.37,4.12,4.01,89.74,1,1,0
S00052,3.52,3.57,3.74,83.4,3,0,1
S00053,3.67,3.23,3.4,70.87,2,0,0
S00054,3.66,3.91,3.96,95.83,1,1,0
S00055,3.81,3.57,3.35,68.69,3,0,0
S00056,3.31,2.58,2.29,70.56,6,4,1
S00057,4.79,4.77,4.92,94.02,1,1,0
S00058,3.51,3.59,3.47,87.43,3,1,0
S00059,3.23,2.91,2.11,58.41,3,3,1
S00060,3.13,2.86,2.99,67.01,1,0,0
S00061,3.9,3.86,3.77,90.39,0,0,0
S00062,4.68,4.9,4.66,97.85,1,1,1
S00063,4.65,4.83,5,89.54,0,1,0
S00064,3.64,3.56,3.65,89.28,0,1,0
S00065,2.71,1.88,1.25,65.19,2,4,1
S00066,2.87,2.64,2.28,73.17,2,1,0
S00067,2.23,2.06,1.95,60.5,4,2,1
S00068,2.91,2.2,1.25,47.58,2,2,1
S00069,2.96,3.12,2.95,71.41,2,0,0
S00070,3.02,2.3,2.05,51.82,6,1,0
S00071,4.07,3.83,3.99,69.96,3,2,0
S00072,4.58,4.48,4.57,96.5,0,1,0
S00073,2.9,2.85,2.36,75.5,2,0,0
S00074,4.85,4.83,4.65,85.17,1,1,0
S00075,2.81,2.45,2.13,75.52,4,4,1
S00076,3.65,3.42,2.94,86.27,1,1,1
S00077,2.38,1.57,0.84,50.5,2,2,1
S00078,3.48,3.51,3.5,81.15,2,1,0
S00079,3.91,4.01,3.91,92.47,1,1,0
S00080,3.26,3.26,2.94,71.29,1,2,1
S00081,4.35,4.48,4.32,85.89,1,1,0
S00082,2.69,2.37,2.18,47.38,3,3,1
S00083,4.35,4.23,4.47,91.96,0,1,0
S00084,4.0,3.99,3.91,99.38,1,1,0
S00085,4.29,4.33,4.42,84.73,1,0,0
S00086,4.67,4.72,4.87,86.06,1,1,0
S00087,4.42,4.39,4.42,83.08,0,0,0
S00088,3.71,3.58,3.61,84.82,1,1,0
S00089,2.85,2.55,2.25,86.49,1,2,1
S00090,4.71,4.75,4.9,85.56,0,0,0
S00091,3.21,3.05,2.8,51.69,6,3,1
S00092,3.23,3.01,2.7,78.5,2,0,0
S00093,3.05,2.47,2.34,48.7,6,1,0
S00094,3.18,2.71,2.73,76.76,3,1,0
S00095,4.42,4.49,4.48,83.64,1,1,0
S00096,4.0,3.73,3.72,72.21,2,2,1
S00097,3.95,3.76,3.9,97.57,0,1,0
S00098,4.11,4.23,4.3,95.68,0,1,0
S00099,2.54,1.89,1.68,76.98,6,2,1
S00100,3.62,3.57,3.44,97.15,0,1,0
S00101,3.02,3.17,2.87,82.64,2,1,0
S00102,4.37,4.31,4.52,91.15,0,0,0
S00103,2.51,1.66,1.1,71.18,4,3,0
S00104,3.72,3.83,3.64,77.11,2,2,0
S00105,4.91,5,5,86.3,1,0,0
S00106,4.05,4.03,4.24,88.86,0,1,0
S00107,4.95,4.87,4.67,97.21,0,1,1
S00108,4.82,5,4.79,96.07,1,1,0
S00109,3.71,3.63,3.71,91.61,1,1,0
S00110,3.7,3.76,3.97,99.95,0,1,0
S00111,3.0,2.82,2.57,51.38,2,1,1
S00112,4.1,4.07,3.94,89.42,0,0,0
S00113,3.34,3.31,3.16,79.58,1,1,0
S00114,3.73,3.86,3.69,72.19,3,0,1
S00115,3.48,3.14,2.17,66.23,5,3,1
S00116,4.28,4.15,4.18,92.35,1,0,0
S00117,3.18,3.08,3.06,83.62,1,2,0
S00118,3.33,2.61,2.31,70.47,3,2,1
S00119,3.81,3.77,3.86,80.71,3,2,1
S00120,1.86,1.46,1.25,74.57,4,4,1
S00121,4.36,4.59,4.61,98.44,0,1,0
S00122,3.44,3.11,2.23,70.56,5,1,1
S00123,3.26,2.58,1.6,76.76,6,3,1
S00124,3.97,3.78,3.72,95.48,1,1,0
S00125,1.98,1.7,1.57,73.6,6,3,0
S00126,3.69,3.85,4.06,87.44,1,0,0
S00127,2.32,1.82,1.64,73.72,3,4,1
S00128,3.84,4.0,3.8,83.56,1,1,0
S00129,2.85,2.0,1.64,66.23,3,4,1
S00130,4.11,4.35,4.28,98.23,1,0,0
S00131,3.77,3.95,3.92,93.93,0,0,0
S00132,3.78,3.81,3.59,95.77,0,0,0
S00133,4.68,4.83,4.88,86.99,0,0,0
S00134,1.99,1.19,0.98,53.61,3,3,1
S00135,3.78,3.74,3.54,83.14,1,1,0
S00136,4.31,4.53,4.3,96.1,1,1,0
S00137,5.0,5,4.96,83.94,1,0,0
S00138,3.81,3.62,3.68,92.54,1,1,0
S00139,3.44,3.36,2.93,82.54,3,2,0
S00140,4.01,3.81,3.93,75.35,2,1,0
S00141,4.2,4.28,4.22,84.75,1,0,0
S00142,4.2,4.33,4.26,84.34,0,1,0
S00143,4.82,5,4.96,98.49,0,1,0
S00144,4.41,4.27,4.34,86.04,0,1,0
S00145,4.67,4.7,4.86,97.21,0,1,1
S00146,4.67,4.88,4.8,85.27,0,1,0
S00147,4.16,3.72,3.6,74.4,2,1,1
S00148,4.05,4.27,4.32,97.9,0,0,0
S00149,3.71,3.69,3.65,92.93,1,1,0
S00150,3.28,2.86,2.84,79.83,3,2,1
S00151,4.98,4.76,4.61,99.02,0,1,0
S00152,4.3,4.26,4.08,91.59,0,1,0
S00153,1.87,1.76,0.83,72.76,6,4,1
S00154,3.38,2.97,2.48,73.12,3,1,0
S00155,1.95,1.17,0.86,62.38,6,1,1
S00156,4.08,3.99,3.83,91.19,0,0,0
S00157,4.62,4.78,4.94,86.25,0,1,0
S00158,3.86,3.82,3.45,84.32,2,1,0
S00159,2.56,1.72,1.12,64.14,6,3,0
S00160,3.01,2.56,2.37,72.57,2,2,1
S00161,3.23,3.05,2.59,85.79,1,2,0
S00162,2.85,2.34,1.82,61.06,2,4,0
S00163,3.06,2.99,2.84,88.94,2,0,0
S00164,3.47,3.3,2.62,41.49,5,4,1
S00165,3.31,3.45,3.22,84.36,3,2,1
S00166,3.27,3.0,2.89,74.66,2,2,0
S00167,2.82,2.6,2.43,65.22,4,3,0
S00168,3.35,3.27,3.42,72.74,2,2,0
S00169,2.94,2.18,1.41,66.05,6,1,1
S00170,4.11,4.04,3.88,85.86,1,0,0
S00171,3.71,3.88,3.68,95.88,0,1,0
S00172,3.64,3.24,2.87,82.32,3,0,0
S00173,4.11,4.22,4.45,92.99,1,0,0
S00174,4.73,4.72,4.88,88.62,1,1,0
S00175,2.65,2.22,1.97,47.59,6,2,0
S00176,4.27,4.21,4.43,94.81,0,1,0
S00177,4.23,4.24,4.4,83.65,0,1,0
S00178,2.51,2.09,1.65,54.67,2,3,1
S00179,3.74,3.85,3.76,84.63,0,1,0
S00180,3.96,3.99,3.82,80.38,1,0,1
S00181,2.73,2.05,1.48,44.23,4,2,1
S00182,4.19,4.33,4.31,84.0,1,0,0
S00183,3.81,3.51,3.01,73.82,3,1,1
S00184,3.53,3.29,3.45,78.6,3,2,1
S00185,1.87,1.46,1.03,68.4,4,1,1
S00186,3.68,3.72,3.73,73.31,1,1,0
S00187,2.1,1.37,0.86,66.42,3,2,1
S00188,2.58,2.24,2.1,47.58,2,3,0
S00189,4.18,4.06,3.74,83.83,1,1,0
S00190,3.27,2.91,2.69,53.98,5,4,0
S00191,4.96,4.96,4.96,98.64,1,0,0
S00192,4.44,4.6,4.63,87.78,0,1,0
S00193,4.44,4.41,4.5,88.33,0,1,0
S00194,4.5,4.64,4.42,94.08,1,1,0
S00195,3.02,2.55,2.64,81.95,2,0,1
S00196,4.5,4.43,4.66,82.58,0,1,0
S00197,4.67,4.71,4.72,89.16,1,0,0
S00198,3.86,3.87,4.08,84.12,1,1,0
S00199,3.77,3.97,3.61,68.39,1,1,1
S00200,4.2,4.26,4.44,89.66,3,1,0
S00201,3.21,2.92,2.53,82.74,3,2,1
S00202,3.91,4.16,4.3,86.26,1,0,0
S00203,3.45,3.64,3.23,87.11,1,1,0
S00204,3.47,3.26,3.04,79.37,1,1,0
S00205,4.55,4.47,4.66,96.04,0,0,0
S00206,1.89,1.69,1.46,46.26,4,2,1
S00207,3.32,2.54,2.22,64.13,6,3,1
S00208,4.35,4.35,4.18,98.95,0,0,0
S00209,3.65,3.74,3.63,85.63,1,0,1
S00210,3.61,3.56,3.6,75.41,3,0,0
S00211,3.21,3.38,3.21,85.12,3,1,1
S00212,3.68,3.65,3.65,85.67,0,1,0
S00213,4.98,4.91,4.86,95.69,0,1,0
S00214,4.23,4.05,3.83,99.02,1,0,0
S00215,3.18,2.34,1.59,47.21,3,4,0
S00216,4.03,3.88,3.44,74.83,2,0,1
S00217,3.67,3.67,3.86,93.78,1,1,0
S00218,2.53,1.73,0.97,69.03,4,1,1
S00219,3.07,2.96,2.51,77.61,3,1,0
S00220,3.66,3.25,2.81,74.33,2,2,0
S00221,2.14,1.63,1.08,41.72,3,3,0
S00222,3.01,3.13,2.73,88.28,2,0,0
S00223,3.98,3.9,3.75,77.74,2,2,0
S00224,2.82,2.56,2.13,75.41,2,2,0
S00225,3.64,3.32,3.28,89.3,3,2,1
S00226,4.27,4.28,4.4,95.94,1,0,0
S00227,4.4,4.5,4.35,89.94,1,0,0
S00228,4.3,4.36,4.34,97.27,0,0,0
S00229,4.2,4.03,3.8,88.92,2,2,1
S00230,4.68,4.79,4.86,94.48,1,0,0
S00231,4.02,4.24,4.48,95.88,0,1,0
S00232,4.91,5,4.89,84.19,1,1,0
S00233,3.17,2.84,2.48,67.14,4,4,1
S00234,3.1,3.18,2.87,79.05,2,0,1
S00235,3.13,2.67,2.8,70.64,1,0,1
S00236,4.26,4.35,4.17,99.36,0,1,0
S00237,2.61,1.99,1.21,50.92,4,1,0
S00238,4.4,4.42,4.53,98.86,0,1,0
S00239,4.89,5,4.95,90.92,1,0,1
S00240,2.95,3.14,2.84,89.73,3,2,0
S00241,3.25,2.77,2.5,44.28,3,4,1
S00242,2.82,2.56,2.26,81.86,1,0,0
S00243,3.37,3.17,2.9,75.02,1,0,0
S00244,4.11,3.61,3.38,76.17,2,1,1
S00245,2.82,2.77,2.76,66.55,1,1,1
S00246,4.3,4.5,4.6,87.6,0,1,0
S00247,4.94,4.93,4.91,99.8,1,1,0
S00248,3.09,2.35,1.5,68.95,6,1,1
S00249,3.31,3.45,3.03,85.72,3,0,0
S00250,4.06,4.07,3.88,85.7,1,0,0
S00251,3.68,3.49,3.45,92.15,1,1,0
S00252,4.74,4.87,4.91,82.82,1,0,0
S00253,4.85,5,4.99,87.17,0,0,0
S00254,2.9,2.46,1.47,54.53,5,4,1
S00255,3.29,3.08,2.21,44.51,6,4,1
S00256,3.11,2.61,2.13,72.46,3,2,0
S00257,3.95,3.63,3.37,71.89,3,0,1
S00258,3.66,3.82,3.94,71.02,1,0,0
S00259,4.54,4.73,4.6,82.8,1,0,0
S00260,3.12,2.91,1.91,48.9,6,3,1
S00261,3.19,2.9,2.01,77.46,6,2,1
S00262,4.38,4.43,4.54,85.15,1,1,1
S00263,4.5,4.44,4.45,94.53,1,0,0
S00264,4.35,4.22,4.09,97.44,0,1,0
S00265,4.15,4.05,3.64,71.07,1,1,0
S00266,3.24,3.07,2.31,47.24,4,4,1
S00267,4.02,3.65,3.69,83.11,3,0,0
S00268,2.37,1.5,1.39,75.61,2,4,0
S00269,3.79,3.56,3.23,73.04,2,1,0
S00270,3.23,2.98,3.1,76.65,3,1,0
S00271,3.88,3.79,3.56,97.55,0,0,0
S00272,2.78,2.35,2.11,52.53,5,2,1
S00273,3.76,3.44,3.51,89.16,3,2,0
S00274,4.71,4.55,4.66,90.79,0,0,0
S00275,4.75,4.52,4.27,84.47,0,0,0
S00276,4.31,4.24,4.3,94.0,1,1,1
S00277,3.38,2.89,2.89,78.39,2,0,0
S00278,3.4,3.56,3.19,87.95,3,0,1
S00279,3.15,2.9,2.96,66.98,2,1,0
S00280,2.18,1.54,0.67,64.84,2,1,1
S00281,4.27,4.33,4.44,83.49,1,1,0
S00282,1.96,1.44,1.3,48.03,6,4,1
S00283,2.96,2.64,2.05,65.01,3,3,1
S00284,3.8,3.96,4.12,98.72,1,0,0
S00285,3.99,3.96,3.84,74.6,3,0,0
S00286,2.91,2.93,2.67,67.44,1,0,1
S00287,3.42,3.01,2.21,41.13,4,4,1
S00288,4.92,4.88,4.97,93.89,0,1,0
S00289,2.91,2.52,2.52,80.85,3,1,1
S00290,3.61,3.51,3.44,86.86,0,0,0
S00291,4.38,4.33,4.09,88.37,0,1,0
S00292,4.18,4.32,4.43,92.07,0,0,0
S00293,3.98,3.86,3.68,85.01,1,1,0
S00294,2.41,1.56,0.81,58.84,6,2,1
S00295,3.61,3.56,3.73,88.84,1,1,0
S00296,3.26,2.38,2.16,52.19,3,4,1
S00297,3.45,3.11,2.39,58.66,6,2,1
S00298,4.7,4.63,4.85,85.6,0,0,0
S00299,3.79,3.6,3.3,82.32,2,2,0
S00300,3.14,3.1,3.1,84.73,1,1,0
S00301,3.36,3.22,3.36,82.29,3,0,0
S00302,4.85,4.87,4.94,83.53,0,1,0
S00303,3.59,3.54,3.49,89.17,2,1,1
S00304,3.91,4.03,4.06,94.38,0,1,0
S00305,3.75,3.73,3.34,89.94,2,0,1
S00306,1.95,1.18,0.42,53.24,4,4,1
S00307,3.29,2.86,2.86,76.31,1,1,1
S00308,2.83,2.57,2.15,85.0,3,0,0
S00309,3.26,3.06,2.89,84.94,3,0,1
S00310,3.35,3.37,3.49,76.24,2,1,1
S00311,3.99,4.09,4.24,92.39,0,1,0
S00312,3.17,3.27,3.14,80.98,3,1,0
S00313,3.29,3.38,3.31,85.34,3,1,0
S00314,3.74,3.46,3.13,67.92,2,2,1
S00315,4.43,4.47,4.43,90.76,0,0,0
S00316,4.04,4.02,3.79,88.46,0,1,0
S00317,3.44,2.93,2.39,66.02,5,4,1
S00318,3.64,3.77,3.67,86.95,1,0,0
S00319,3.88,3.73,3.59,79.32,2,2,0
S00320,4.75,4.52,4.63,91.83,1,0,0
S00321,3.15,3.26,2.78,71.57,1,1,0
S00322,4.74,4.59,4.71,94.4,1,0,0
S00323,3.18,2.44,1.83,60.23,6,2,1
S00324,3.21,2.89,2.99,89.64,3,0,1
S00325,2.5,2.35,2.0,64.92,3,2,1
S00326,3.95,4.12,4.06,84.56,1,1,0
S00327,4.71,4.85,4.8,95.5,1,1,0
S00328,3.6,3.74,3.86,95.16,1,1,0
S00329,2.48,1.6,0.76,58.8,4,3,1
S00330,3.59,3.43,3.17,82.06,1,0,1
S00331,2.58,2.38,1.51,56.77,2,4,1
S00332,2.98,2.94,2.55,88.32,2,0,0
S00333,4.12,4.32,4.16,89.13,1,0,0
S00334,3.73,3.59,3.38,92.69,1,0,1
S00335,3.77,3.95,4.05,90.6,0,1,0
S00336,1.98,1.58,1.21,54.54,3,2,1
S00337,3.65,3.27,3.02,70.33,3,0,0
S00338,3.42,3.07,3.2,68.5,1,2,0
S00339,4.2,4.35,4.22,93.6,0,1,0
S00340,3.99,3.95,3.66,77.94,3,0,0
S00341,3.68,3.88,4.1,90.91,0,0,0
S00342,3.54,3.72,3.91,88.35,1,1,0
S00343,3.31,3.29,3.32,88.86,1,0,0
S00344,3.9,4.11,4.34,89.16,1,1,0
S00345,4.5,4.52,4.34,83.5,0,0,0
S00346,4.06,4.1,4.23,93.7,0,1,0
S00347,3.99,3.53,3.09,75.86,2,2,0
S00348,4.64,4.76,4.57,94.74,0,0,0
S00349,4.32,4.49,4.36,88.69,1,0,0
S00350,4.73,4.62,4.4,94.82,0,1,0
S00351,4.3,4.33,4.27,86.59,0,0,0
S00352,2.86,2.97,2.64,76.79,2,0,1
S00353,1.86,1.12,0.38,64.92,3,3,1
S00354,2.34,1.58,0.97,44.54,2,2,1
S00355,2.86,2.64,2.76,86.65,2,1,1
S00356,3.32,3.02,3.07,83.49,1,1,0
S00357,3.5,2.78,2.02,60.77,3,2,1
S00358,3.93,3.85,4.02,97.79,1,0,0
S00359,4.63,4.54,4.39,99.7,1,1,0
S00360,2.04,1.72,1.58,48.8,6,4,1
S00361,4.96,4.76,4.55,84.4,1,0,0
S00362,4.53,4.34,4.24,97.32,1,1,0
S00363,3.7,3.56,3.7,92.52,0,0,0
S00364,3.37,3.24,3.42,70.19,2,1,1
S00365,3.82,3.91,4.08,94.54,0,0,0
S00366,3.73,3.6,3.53,91.24,1,1,0
S00367,4.93,5,5,91.9,0,1,0
S00368,2.01,1.86,1.05,48.45,3,4,1
S00369,3.7,3.61,3.29,85.32,1,0,1
S00370,3.93,3.5,3.59,85.22,1,0,0
S00371,4.89,4.86,4.97,90.93,1,1,0
S00372,3.86,3.75,3.94,82.62,0,1,0
S00373,2.61,2.44,2.0,55.93,6,2,1
S00374,3.15,2.26,1.46,53.65,6,4,1
S00375,3.25,2.94,2.46,79.93,1,1,1
S00376,2.7,1.99,0.99,77.01,2,2,1
S00377,4.74,4.95,4.73,99.94,0,1,0
S00378,3.24,3.0,2.36,70.64,4,1,1
S00379,4.39,4.22,4.44,97.06,1,1,0
S00380,3.68,3.73,3.49,90.6,1,0,0
S00381,3.85,4.0,4.18,83.07,0,0,0
S00382,3.26,2.39,1.96,75.79,5,1,1
S00383,4.97,5,4.97,93.51,1,1,0
S00384,2.98,2.14,1.33,48.48,6,2,1
S00385,3.21,2.84,2.34,82.55,3,1,0
S00386,2.76,2.52,2.13,70.73,6,2,1
S00387,4.29,4.21,4.0,88.24,1,0,0
S00388,3.2,2.56,1.8,52.76,2,3,1
S00389,3.29,3.34,3.35,66.2,2,2,0
S00390,4.18,4.37,4.3,88.76,1,0,0
S00391,4.78,4.68,4.59,99.13,0,1,0
S00392,4.62,4.65,4.85,83.68,1,0,0
S00393,3.65,3.45,2.99,73.28,1,1,0
S00394,3.82,3.51,3.2,70.94,1,1,0
S00395,2.06,1.67,1.19,51.19,6,4,1
S00396,3.84,3.74,3.53,97.19,1,1,0
S00397,2.25,1.64,1.19,54.1,5,3,1
S00398,4.22,4.1,4.27,92.16,0,0,0
S00399,4.36,4.59,4.64,91.96,1,1,0
S00400,4.11,4.01,3.68,72.47,2,2,1
S00401,3.52,3.42,3.61,68.69,2,0,0
S00402,3.9,3.74,3.51,83.41,1,0,0
S00403,3.97,3.65,3.79,87.85,1,0,0
S00404,4.06,3.94,3.92,97.72,1,0,0
S00405,4.42,4.55,4.77,98.65,0,1,0
S00406,3.29,2.98,2.29,61.74,5,1,1
S00407,4.47,4.56,4.51,89.12,1,0,1
S00408,3.18,2.94,2.67,84.84,2,1,0
S00409,2.96,2.09,1.78,51.42,5,3,1
S00410,4.5,4.35,4.2,96.83,1,1,0
S00411,3.02,2.74,2.6,68.39,3,2,1
S00412,4.77,4.93,4.81,90.22,1,0,0
S00413,2.66,2.05,1.84,41.16,4,4,1
S00414,4.82,4.86,4.79,84.94,1,0,0
S00415,3.83,3.86,4.1,97.43,0,0,0
S00416,3.63,3.77,3.9,82.16,0,0,0
S00417,3.95,4.11,4.01,99.41,1,1,0
S00418,2.58,2.31,1.93,59.78,6,4,1
S00419,5.0,5,5,92.11,1,1,0
S00420,3.27,2.96,2.69,71.92,3,2,0
S00421,3.06,2.93,2.59,66.42,3,1,0
S00422,3.81,3.77,3.97,71.49,2,1,0
S00423,4.59,4.63,4.47,95.08,0,1,0
S00424,3.51,3.6,3.69,86.91,1,1,1
S00425,3.96,4.12,4.25,85.3,1,0,0
S00426,4.82,4.78,4.97,88.69,1,1,0
S00427,4.01,3.92,4.08,66.78,1,2,1
S00428,3.54,3.33,3.44,68.77,1,1,0
S00429,4.07,3.89,3.61,82.89,1,1,1
S00430,2.33,2.19,1.68,47.96,3,2,1
S00431,1.95,1.36,0.69,55.33,5,4,1
S00432,3.82,3.99,4.11,83.92,3,0,1
S00433,4.63,4.49,4.68,87.62,0,1,0
S00434,3.69,3.46,3.69,90.21,1,1,0
S00435,2.38,1.56,1.14,47.16,5,1,1
S00436,2.98,3.0,2.91,69.22,2,2,0
S00437,4.83,4.71,4.72,82.87,0,0,0
S00438,4.57,4.52,4.46,91.85,1,0,0
S00439,2.81,2.61,2.18,78.01,3,2,0
S00440,4.86,4.86,4.92,87.09,0,1,0
S00441,3.97,3.98,3.83,94.66,1,0,1
S00442,3.09,3.24,2.98,65.07,3,0,0
S00443,2.94,2.72,2.54,59.44,2,3,1
S00444,4.17,3.85,3.39,85.33,1,1,0
S00445,3.4,2.98,3.07,87.26,1,0,0
S00446,4.1,4.07,4.13,97.81,0,1,0
S00447,4.16,4.39,4.28,88.94,1,1,0
S00448,1.99,1.34,1.18,75.81,3,1,1
S00449,3.92,3.9,3.52,74.49,2,2,1
S00450,3.97,4.16,3.75,88.01,1,1,0
S00451,4.52,4.27,4.46,91.45,0,1,0
S00452,3.67,3.47,3.48,77.05,3,2,0
S00453,4.76,4.95,5,82.21,0,1,0
S00454,1.93,1.43,1.12,76.87,2,2,1
S00455,4.74,4.53,4.51,92.31,0,1,0
S00456,4.3,4.37,4.17,89.42,0,0,0
S00457,2.88,2.07,1.47,64.87,5,3,1
S00458,3.91,3.89,3.92,93.16,1,1,0
S00459,4.66,4.52,4.44,96.94,1,1,0
S00460,3.83,3.65,3.76,94.99,0,1,0
S00461,4.9,4.85,4.83,96.07,1,0,0
S00462,4.49,4.57,4.38,98.05,1,0,0
S00463,4.63,4.66,4.62,92.53,0,0,0
S00464,4.14,4.19,4.38,91.07,1,1,0
S00465,3.1,2.78,1.81,76.88,5,2,1
S00466,4.04,3.9,3.99,78.7,2,2,0
S00467,3.1,2.75,2.75,82.17,3,0,0
S00468,4.14,3.99,3.98,73.06,1,1,0
S00469,4.12,4.12,4.09,87.35,3,1,0
S00470,3.62,3.42,3.36,82.96,0,0,0
S00471,3.47,2.83,2.59,42.36,4,2,1
S00472,4.74,4.54,4.72,95.31,0,1,0
S00473,3.16,2.83,2.13,75.21,5,4,0
S00474,2.33,1.79,1.68,49.55,6,4,0
S00475,3.0,2.38,1.6,60.77,6,2,1
S00476,2.3,2.06,1.34,47.11,3,1,1
S00477,4.38,4.19,4.24,86.59,1,1,0
S00478,3.82,3.73,3.5,98.78,1,1,0
S00479,2.9,2.9,2.77,88.92,3,0,0
S00480,4.36,4.31,4.24,97.9,1,1,0
S00481,4.65,4.67,4.92,96.83,0,0,0
S00482,4.87,4.92,4.98,99.26,1,1,0
S00483,2.46,1.92,1.57,74.63,4,4,1
S00484,4.51,4.42,4.21,83.73,0,0,0
S00485,3.1,3.08,3.16,70.14,3,2,0
S00486,4.12,4.14,3.75,76.48,2,0,1
S00487,4.71,4.74,4.78,86.1,1,1,0
S00488,3.41,2.92,2.89,78.37,3,2,0
S00489,2.8,2.13,1.97,75.27,2,3,1
S00490,3.72,3.85,3.82,89.11,0,1,0
S00491,4.65,4.79,4.97,87.31,0,1,0
S00492,3.15,2.47,2.03,76.08,6,2,1
S00493,4.44,4.45,4.68,87.48,1,0,0
S00494,3.52,3.13,2.78,85.87,1,0,1
S00495,3.25,2.47,1.53,77.78,5,1,1
S00496,3.74,3.85,3.84,87.96,0,0,0
S00497,4.06,3.78,3.6,80.41,2,2,0
S00498,3.31,3.03,2.83,65.12,1,0,0
S00499,3.19,2.94,2.91,73.29,2,1,0
S00500,2.63,2.44,1.76,43.12,4,2,0
S00501,4.63,4.69,4.8,98.06,0,1,0
S00502,3.65,3.53,3.73,91.71,0,1,0
S00503,2.8,2.02,1.8,59.04,2,4,1
S00504,3.93,4.17,4.41,94.31,0,1,0
S00505,3.59,3.7,3.31,83.3,2,0,1
S00506,2.89,2.65,2.18,70.17,2,1,0
S00507,2.87,3.05,2.78,82.59,3,2,0
S00508,2.25,1.71,1.46,64.84,4,1,1
S00509,4.87,4.88,4.8,97.62,1,1,0
S00510,4.83,4.8,4.67,91.26,1,0,0
S00511,4.44,4.6,4.68,89.46,1,0,0
S00512,3.09,2.71,2.79,65.56,1,0,0
S00513,4.48,4.25,4.29,83.01,1,0,0
S00514,4.96,5,5,95.1,1,0,0
S00515,3.46,3.3,2.95,75.27,1,2,0
S00516,4.52,4.41,4.52,88.17,1,0,0
S00517,3.75,3.6,3.78,91.08,1,0,0
S00518,4.86,4.91,5,91.57,0,0,0
S00519,4.44,4.61,4.81,95.95,1,1,0
S00520,4.34,4.21,4.36,96.21,1,1,0
S00521,3.87,3.85,3.42,68.35,2,0,0
S00522,4.44,4.46,4.34,82.1,0,0,0
S00523,3.89,4.04,3.99,83.92,1,1,0
S00524,3.59,3.52,3.71,74.94,1,1,0
S00525,3.05,2.94,2.78,89.71,3,1,0
S00526,3.79,3.98,3.78,86.14,0,0,0
S00527,4.07,4.1,4.2,94.72,0,1,0
S00528,3.73,3.55,3.76,89.84,0,1,0
S00529,3.65,3.6,3.84,93.05,1,0,0
S00530,2.89,2.44,2.16,64.96,6,3,1
S00531,2.67,2.01,1.36,65.61,4,2,1
S00532,1.95,1.63,1.17,65.45,5,2,1
S00533,2.9,2.46,2.16,85.74,3,1,1
S00534,2.18,1.31,0.8,55.35,2,3,1
S00535,3.58,3.43,3.17,67.93,3,1,0
S00536,2.78,2.12,1.15,61.4,3,3,0
S00537,3.45,3.36,2.87,67.91,1,1,0
S00538,2.95,2.67,2.28,76.31,6,1,1
S00539,4.0,3.95,4.08,88.16,0,1,0
S00540,4.4,4.24,4.37,98.74,0,1,0
S00541,3.94,3.82,3.69,97.03,1,0,0
S00542,3.71,3.94,3.93,82.12,0,1,0
S00543,4.86,5,5,86.95,0,1,0
S00544,2.02,1.5,1.02,75.71,2,3,1
S00545,3.04,3.23,3.22,76.5,3,0,1
S00546,4.41,4.33,4.38,86.67,1,0,0
S00547,2.38,2.14,1.65,55.93,4,3,0
S00548,3.85,3.67,3.71,86.11,0,1,0
S00549,4.0,3.64,3.7,83.46,2,0,1
S00550,4.19,4.29,4.15,83.01,2,1,1
S00551,1.88,1.7,1.45,48.19,4,4,0
S00552,4.64,4.52,4.45,92.03,1,1,1
S00553,4.81,5,4.85,92.37,0,1,0
S00554,3.48,3.5,3.62,74.53,2,1,0
S00555,3.83,3.99,3.91,93.36,1,0,0
S00556,4.04,4.12,4.22,92.9,1,1,0
S00557,3.4,2.7,2.13,57.11,3,2,0
S00558,3.93,3.8,3.93,95.5,0,0,0
S00559,4.91,4.9,4.68,95.88,0,0,0
S00560,4.52,4.71,4.61,86.45,1,1,0
S00561,4.77,4.54,4.62,97.49,1,1,0
S00562,3.39,2.85,2.63,76.04,6,2,1
S00563,3.85,3.96,3.77,80.99,3,1,0
S00564,3.12,2.68,2.4,75.31,1,1,1
S00565,3.86,3.46,3.16,78.38,3,1,0
S00566,2.81,2.61,2.32,70.78,1,2,0
S00567,4.38,4.33,4.16,95.27,1,1,0
S00568,4.48,4.48,4.63,93.04,1,1,0
S00569,3.18,2.81,2.36,68.42,1,2,0
S00570,3.78,3.63,3.35,68.8,3,0,1
S00571,3.98,4.08,4.2,86.19,0,0,0
S00572,4.04,4.19,4.43,90.35,0,1,0
S00573,2.05,1.74,1.28,60.64,3,2,0
S00574,4.13,3.89,4.13,94.86,1,1,0
S00575,2.14,1.45,1.27,65.31,3,4,1
S00576,3.39,3.16,2.41,68.3,6,1,1
S00577,3.08,3.2,3.3,70.44,1,0,0
S00578,3.83,3.72,3.53,96.2,0,0,0
S00579,3.76,3.37,3.41,71.22,2,0,0
S00580,4.96,5,4.78,88.4,0,0,0
S00581,4.97,5,5,96.5,1,0,1
S00582,4.61,4.49,4.26,94.72,1,1,0
S00583,4.09,4.2,4.09,96.96,0,0,0
S00584,4.75,4.77,4.75,95.97,1,0,0
S00585,3.31,3.24,2.97,66.58,3,1,1
S00586,3.87,3.48,3.18,75.25,2,0,1
S00587,2.86,3.02,2.64,65.78,1,1,1
S00588,4.5,4.44,4.44,93.23,1,0,0
S00589,2.9,3.05,2.7,77.29,1,1,0
S00590,4.38,4.6,4.56,88.64,0,1,0
S00591,3.97,3.52,3.17,77.99,1,2,1
S00592,3.87,3.95,3.98,99.06,1,0,0
S00593,3.74,3.74,3.54,67.6,1,2,0
S00594,3.82,4.07,4.04,88.34,1,1,0
S00595,4.49,4.65,4.56,86.33,0,1,0
S00596,2.23,1.36,0.86,55.09,2,3,1
S00597,4.19,3.9,3.61,70.55,2,0,0
S00598,3.2,2.36,1.8,61.69,6,2,1
S00599,3.02,2.7,2.83,71.25,2,1,1
S00600,4.89,5,5,96.27,0,1,0
S00601,3.61,3.74,3.66,72.51,3,2,0
S00602,3.37,3.0,2.11,56.5,2,2,1
S00603,3.38,2.77,2.1,42.06,6,1,1
S00604,3.26,3.25,2.85,81.84,2,1,0
S00605,2.93,2.73,2.78,68.7,2,0,0
S00606,3.57,3.25,3.03,75.86,3,0,0
S00607,3.08,2.85,2.75,79.03,3,2,1
S00608,4.69,4.6,4.81,83.61,1,1,0
S00609,4.08,4.16,4.29,85.05,1,1,0
S00610,4.89,4.76,4.85,84.81,0,0,0
S00611,4.47,4.29,4.46,87.18,1,0,0
S00612,3.26,3.28,2.93,78.66,2,2,0
S00613,3.0,2.99,2.5,79.58,3,2,1
S00614,4.0,4.14,4.2,82.96,0,0,0
S00615,4.79,4.87,5,82.34,1,0,0
S00616,3.79,3.93,3.77,79.93,1,0,1
S00617,2.75,2.08,1.95,75.05,4,3,1
S00618,2.83,2.8,2.55,72.56,3,1,0
S00619,4.03,4.15,4.22,65.74,3,1,1
S00620,4.15,3.97,4.08,91.37,0,1,0
S00621,4.96,5,4.91,91.76,0,0,0
S00622,3.08,2.68,2.66,87.47,1,1,0
S00623,2.05,1.2,0.27,52.06,6,1,1
S00624,2.05,1.92,1.54,76.97,5,3,1
S00625,3.32,2.47,2.13,69.61,2,2,1
S00626,2.84,2.53,1.92,48.77,3,2,1
S00627,4.56,4.55,4.55,92.88,1,0,0
S00628,2.99,2.63,2.15,84.11,1,1,0
S00629,4.54,4.39,4.24,85.19,1,1,0
S00630,3.31,2.87,2.07,63.1,5,3,1
S00631,2.77,2.24,1.57,66.76,2,1,1
S00632,1.87,0.98,0.41,55.03,2,4,1
S00633,2.87,2.57,2.35,72.61,2,1,1
S00634,4.89,4.98,5,90.34,1,0,0
S00635,4.69,4.91,5,84.44,1,1,0
S00636,4.43,4.53,4.38,90.18,1,1,0
S00637,3.15,2.48,2.27,44.34,5,3,1
S00638,3.82,4.0,3.93,69.0,3,1,1
S00639,4.07,4.25,4.44,84.92,0,0,0
S00640,4.03,4.15,4.38,87.2,0,0,0
S00641,1.81,1.09,0.98,58.91,5,1,1
S00642,3.1,3.07,2.88,76.05,3,2,1
S00643,2.27,1.67,0.83,47.89,3,2,1
S00644,3.8,3.57,3.61,92.86,1,0,1
S00645,3.85,3.94,3.99,94.45,0,1,0
S00646,3.65,3.78,3.7,98.16,0,1,0
S00647,4.26,4.07,4.25,87.93,1,0,0
S00648,2.95,2.96,2.9,89.68,2,2,0
S00649,3.48,3.15,2.5,52.03,6,3,0
S00650,3.49,3.51,3.35,85.2,3,0,0
S00651,1.8,1.68,1.02,44.48,3,4,1
S00652,4.38,4.45,4.21,85.62,1,1,0
S00653,4.31,4.22,3.97,94.35,1,1,0
S00654,2.84,2.46,2.2,73.45,3,1,0
S00655,2.9,2.41,1.75,73.9,6,3,1
S00656,3.38,3.23,2.66,61.47,4,1,1
S00657,3.92,4.04,3.79,89.24,2,0,1
S00658,4.35,4.18,4.23,85.37,0,1,0
S00659,3.64,3.6,3.6,86.28,1,1,0
S00660,3.76,3.9,4.04,98.44,1,0,0
S00661,2.06,1.69,1.15,73.21,4,3,1
S00662,3.2,2.35,1.64,45.04,2,4,1
S00663,2.0,1.65,1.51,72.23,2,3,1
S00664,4.33,4.41,4.31,92.4,1,0,0
S00665,3.99,3.9,3.87,84.12,0,0,0
S00666,4.47,4.48,4.33,88.31,1,1,0
S00667,3.2,2.87,2.42,80.33,2,2,0
S00668,4.26,4.35,4.15,82.97,1,1,0
S00669,3.63,3.72,3.7,80.41,2,1,0
S00670,3.74,3.61,3.79,83.89,2,2,1
S00671,3.36,2.89,2.38,66.01,5,4,1
S00672,4.81,4.86,5,89.06,1,1,0
S00673,4.27,4.19,4.17,85.07,1,0,0
S00674,4.6,4.4,4.43,83.28,1,1,0
S00675,4.47,4.49,4.73,88.91,1,0,0
S00676,3.9,3.7,3.75,78.61,1,0,0
S00677,4.9,4.94,4.93,92.66,1,1,0
S00678,2.1,1.23,1.07,44.13,6,4,1
S00679,2.89,2.54,2.14,79.52,3,0,0
S00680,3.43,3.14,3.07,76.18,1,2,0
S00681,4.71,4.8,5,98.86,1,0,0
S00682,3.51,3.61,3.7,66.56,3,0,1
S00683,4.17,3.75,3.44,65.78,2,2,0
S00684,3.8,3.58,3.39,70.28,1,1,1
S00685,3.98,3.73,3.52,72.21,3,0,1
S00686,3.62,3.73,3.73,89.86,0,0,0
S00687,3.26,2.45,1.72,75.35,6,2,1
S00688,4.75,4.69,4.55,89.65,0,1,0
S00689,4.3,4.26,4.28,88.61,0,1,0
S00690,4.27,4.37,4.19,95.16,1,1,0
S00691,3.65,3.33,3.27,81.59,3,0,0
S00692,3.61,3.54,3.67,78.38,1,1,0
S00693,2.78,2.41,1.99,77.15,4,3,1
S00694,3.64,3.35,3.4,71.51,3,1,0
S00695,3.72,3.42,3.44,65.68,2,0,1
S00696,4.7,4.57,4.63,86.95,1,0,0
S00697,4.07,4.09,4.05,74.24,1,1,0
S00698,3.85,3.87,3.63,99.71,0,0,0
S00699,2.5,2.1,1.4,67.59,3,2,1
S00700,1.89,1.58,0.74,42.0,5,4,1
S00701,4.13,4.27,3.94,82.09,2,1,1
S00702,3.41,3.11,3.17,74.55,2,2,0
S00703,4.88,4.95,5,89.77,1,1,0
S00704,2.23,1.67,1.15,65.66,3,2,1
S00705,4.19,3.91,3.42,65.21,1,0,0
S00706,3.76,3.51,3.51,71.3,1,0,0
S00707,4.43,4.63,4.49,92.79,0,0,0
S00708,3.33,3.36,3.31,85.08,1,0,0
S00709,4.25,4.47,4.54,98.61,1,1,0
S00710,3.88,3.56,3.6,71.93,1,1,0
S00711,2.24,1.49,1.23,42.64,3,4,1
S00712,3.0,3.04,2.69,81.08,2,2,1
S00713,3.7,3.81,3.95,82.34,1,0,0
S00714,3.65,3.6,3.42,87.94,1,0,0
S00715,2.63,2.19,1.33,69.68,2,2,1
S00716,3.19,2.7,2.09,75.53,4,3,1
S00717,4.49,4.71,4.51,91.62,1,0,0
S00718,2.29,2.03,1.43,76.77,3,3,1
S00719,2.87,2.48,2.31,64.05,3,2,1
S00720,4.99,4.86,4.81,96.27,1,1,0
S00721,2.56,1.67,1.53,42.13,2,4,1
S00722,2.93,2.47,1.76,73.22,3,2,0
S00723,3.8,3.88,3.86,98.52,0,0,0
S00724,3.84,3.62,3.52,96.29,1,0,0
S00725,4.74,4.55,4.6,93.08,0,0,0
S00726,3.47,2.83,2.44,77.08,6,2,1
S00727,2.16,2.03,1.77,42.4,4,2,1
S00728,4.12,3.95,3.82,92.48,0,0,0
S00729,3.33,2.94,3.05,67.02,1,0,0
S00730,3.63,3.33,3.32,84.81,2,2,1
S00731,3.98,3.95,3.82,85.14,0,0,0
S00732,2.92,3.0,2.71,75.47,3,0,1
S00733,3.46,2.87,1.99,77.5,6,2,1
S00734,3.09,2.63,2.21,68.73,2,1,1
S00735,2.86,2.81,2.51,75.87,2,2,0
S00736,1.87,1.18,0.25,46.68,2,4,1
S00737,3.93,3.9,3.94,89.54,1,0,0
S00738,3.74,3.86,4.04,88.76,0,0,0
S00739,4.05,3.65,3.8,76.37,2,1,1
S00740,3.68,3.87,3.51,68.18,3,2,1
S00741,4.79,4.77,4.61,88.18,1,0,0
S00742,3.66,3.28,3.45,86.38,1,1,0
S00743,4.19,4.11,4.19,71.98,3,1,0
S00744,4.06,4.1,4.29,92.65,0,0,0
S00745,4.99,5,5,89.66,1,1,0
S00746,2.94,2.78,2.34,83.83,3,2,0
S00747,4.1,3.97,4.22,82.29,1,0,0
S00748,3.07,2.95,2.44,69.33,5,2,1
S00749,4.25,4.32,4.5,83.27,1,0,0
S00750,2.99,2.4,1.78,47.87,2,3,1
S00751,4.92,5,5,84.0,1,1,0
S00752,3.85,3.87,3.66,94.77,0,0,0
S00753,3.76,3.75,3.97,92.44,0,0,0
S00754,2.66,2.22,2.07,54.17,5,4,1
S00755,2.6,2.07,1.23,74.18,5,3,1
S00756,3.17,2.32,2.16,73.89,5,1,1
S00757,2.29,1.42,1.23,50.49,3,4,1
S00758,4.93,4.69,4.65,94.28,0,1,0
S00759,4.5,4.4,4.18,97.69,0,1,0
S00760,4.5,4.42,4.46,94.54,1,1,0
S00761,4.71,4.54,4.42,90.72,1,0,0
S00762,4.94,5.0,4.83,91.64,0,0,0
S00763,3.73,3.34,3.01,66.03,2,2,1
S00764,3.86,3.89,3.66,87.7,1,0,0
S00765,3.03,2.74,2.88,75.11,2,0,0
S00766,2.07,1.19,0.6,59.28,4,4,0
S00767,3.08,2.19,1.49,70.38,5,3,1
S00768,4.06,3.66,3.54,72.7,2,2,0
S00769,3.73,3.51,3.58,92.5,0,1,0
S00770,4.79,4.88,5,99.57,1,0,0
S00771,3.52,3.06,3.02,74.94,3,1,0
S00772,4.0,3.92,4.16,97.74,0,0,0
S00773,4.99,5,4.89,96.5,1,1,0
S00774,2.92,2.57,2.4,86.69,2,0,0
S00775,3.33,2.83,2.78,71.83,1,2,0
S00776,4.08,3.72,3.8,72.24,2,0,0
S00777,4.42,4.42,4.54,86.04,0,0,0
S00778,3.22,2.74,2.05,73.92,5,2,1
S00779,3.14,2.73,2.42,89.86,1,2,0
S00780,3.59,3.7,3.64,76.9,3,0,0
S00781,2.82,2.51,2.41,68.65,2,2,1
S00782,3.98,3.94,4.15,88.41,1,1,0
S00783,2.67,1.96,1.7,43.59,3,3,0
S00784,2.96,2.62,1.91,66.16,2,3,0
S00785,4.33,4.26,4.25,88.13,0,0,0
S00786,3.96,4.02,3.91,82.24,3,2,0
S00787,3.92,3.72,3.86,67.91,1,0,0
S00788,4.11,4.27,4.46,92.76,1,0,0
S00789,4.74,4.6,4.78,84.56,0,1,0
S00790,3.71,3.81,3.95,83.4,1,1,1
S00791,4.71,4.72,4.5,84.14,1,0,0
S00792,3.86,3.9,4.05,70.14,1,0,0
S00793,3.8,3.93,3.82,92.44,1,0,0
S00794,2.84,2.34,2.18,71.14,2,2,1
S00795,2.09,1.39,1.28,67.56,3,4,1
S00796,3.42,3.59,3.21,73.87,2,1,1
S00797,3.76,4.0,3.81,83.99,0,1,0
S00798,3.58,3.11,2.84,67.89,2,1,0
S00799,4.97,4.94,4.97,87.23,1,0,0
S00800,3.16,2.31,1.88,40.49,5,1,1
S00801,3.75,3.33,3.11,82.38,1,2,0
S00802,1.91,1.03,0.63,62.61,5,1,1
S00803,4.3,4.43,4.56,92.69,1,1,0
S00804,3.37,3.21,2.9,84.2,1,0,1
S00805,3.68,3.27,2.84,66.32,1,1,0
S00806,2.45,1.81,1.57,63.63,2,1,1
S00807,3.49,3.32,3.02,77.45,3,1,0
S00808,2.72,2.6,1.82,77.65,2,4,1
S00809,2.55,2.42,2.16,65.06,4,2,1
S00810,4.6,4.6,4.4,94.15,1,1,0
S00811,3.68,3.56,3.61,88.8,1,1,0
S00812,3.66,3.83,3.76,95.36,0,1,0
S00813,4.99,4.94,4.72,86.4,0,1,0
S00814,1.91,1.57,1.16,40.75,4,1,1
S00815,2.77,1.94,1.6,66.45,6,1,0
S00816,4.15,4.18,4.34,83.8,0,1,0
S00817,2.93,2.7,2.33,76.84,3,4,1
S00818,1.93,1.15,0.86,50.08,4,4,0
S00819,4.14,4.14,4.05,79.8,2,0,0
S00820,3.4,3.14,2.69,85.59,3,1,0
S00821,3.08,2.86,2.8,76.33,3,0,0
S00822,3.52,3.15,3.0,81.52,3,1,1
S00823,3.93,4.03,4.16,88.37,3,2,1
S00824,4.25,4.12,4.24,95.78,1,1,0
S00825,1.91,1.65,1.18,71.3,3,3,1
S00826,3.93,3.76,3.52,96.35,1,1,0
S00827,2.52,1.69,1.41,50.36,2,3,1
S00828,4.37,4.44,4.21,95.0,0,0,0
S00829,4.44,4.63,4.83,89.33,1,0,0
S00830,3.23,2.94,2.33,59.01,2,3,1
S00831,4.44,4.58,4.48,96.98,1,0,0
S00832,3.75,3.61,3.49,89.35,0,1,0
S00833,2.96,2.84,2.67,71.16,2,0,0
S00834,3.95,3.46,3.64,80.15,3,2,0
S00835,4.88,4.97,4.85,88.92,1,0,0
S00836,4.22,3.97,4.2,98.7,1,1,0
S00837,2.2,1.93,1.03,74.8,4,4,1
S00838,3.71,3.85,3.85,95.26,1,1,0
S00839,3.2,2.54,1.99,53.37,6,3,1
S00840,3.67,3.74,3.81,96.24,0,0,0
S00841,3.24,2.8,2.41,77.91,3,0,0
S00842,3.91,3.63,3.47,83.38,2,0,0
S00843,3.16,2.9,2.43,46.91,5,2,1
S00844,4.38,4.44,4.3,83.6,1,0,0
S00845,1.88,1.29,0.65,45.67,4,2,0
S00846,4.61,4.57,4.78,90.17,1,0,0
S00847,4.92,5,4.88,95.44,1,0,0
S00848,3.9,4.06,4.18,85.41,0,1,0
S00849,4.97,4.83,4.81,86.47,1,0,1
S00850,4.05,4.15,4.24,94.84,1,1,0
S00851,2.87,3.02,2.85,73.86,3,2,0
S00852,3.85,3.38,3.06,80.49,2,1,0
S00853,4.85,4.62,4.46,85.06,1,1,0
S00854,4.04,4.06,3.88,84.1,0,0,0
S00855,2.28,1.89,1.4,74.31,4,3,1
S00856,3.83,3.95,3.95,99.1,1,0,0
S00857,3.86,3.84,3.67,90.41,0,1,1
S00858,4.59,4.59,4.58,97.23,0,0,0
S00859,4.0,4.17,4.29,96.81,0,0,0
S00860,3.38,2.94,2.97,81.92,2,0,1
S00861,2.01,1.61,0.67,44.03,4,2,1
S00862,3.79,3.63,3.57,71.73,3,0,1
S00863,4.47,4.45,4.67,100.0,0,0,0
S00864,2.28,1.54,0.77,60.79,6,4,1
S00865,3.94,4.07,4.02,82.37,0,0,0
S00866,4.51,4.73,4.56,87.37,1,1,0
S00867,3.3,2.87,2.63,70.0,2,1,0
S00868,3.39,3.42,3.49,80.35,2,2,0
S00869,4.08,4.06,3.92,94.35,0,1,0
S00870,2.92,2.75,2.3,85.04,2,0,0
S00871,3.22,2.89,2.69,79.21,3,0,0
S00872,3.51,3.3,3.13,83.01,2,1,1
S00873,4.3,4.11,4.19,85.23,0,1,1
S00874,4.59,4.49,4.61,95.63,1,1,0
S00875,3.18,2.91,2.74,77.32,4,1,1
S00876,4.15,3.91,3.99,90.28,1,1,0
S00877,2.85,2.2,1.23,65.65,4,1,1
S00878,3.76,3.51,3.75,97.46,0,1,0
S00879,3.41,3.35,3.4,69.77,2,1,1
S00880,3.76,3.96,4.08,90.01,1,1,1
S00881,3.94,3.84,4.0,89.05,1,0,0
S00882,2.53,2.1,1.56,61.99,6,3,1
S00883,4.32,4.43,4.65,98.29,1,0,0
S00884,3.39,3.11,2.66,87.32,2,1,1
S00885,3.7,3.52,3.32,69.03,3,0,0
S00886,4.31,4.35,4.45,98.59,1,0,0
S00887,3.35,3.14,3.3,81.31,2,1,0
S00888,2.86,2.53,1.76,65.35,3,2,1
S00889,2.94,2.73,2.93,72.59,1,2,1
S00890,4.83,4.76,4.59,96.9,0,0,0
S00891,3.92,3.95,3.94,99.89,1,0,0
S00892,4.05,4.15,4.26,80.11,1,2,1
S00893,3.16,2.29,1.51,77.04,6,1,0
S00894,3.75,3.81,4.0,98.4,0,1,0
S00895,2.65,1.85,1.61,53.82,3,1,0
S00896,4.18,4.32,4.19,96.56,1,1,0
S00897,4.12,4.25,4.18,93.97,0,1,0
S00898,4.2,4.41,4.61,99.13,1,0,0
S00899,3.02,2.51,2.34,52.86,5,2,1
S00900,3.65,3.86,3.69,92.34,1,1,0
S00901,3.58,3.29,3.31,87.73,1,1,0
S00902,3.01,2.79,2.74,87.19,3,2,0
S00903,4.04,4.09,3.87,69.93,2,0,1
S00904,4.62,4.74,4.55,99.85,1,0,0
S00905,3.53,3.56,3.17,65.7,3,2,1
S00906,2.32,1.88,1.32,67.82,4,3,1
S00907,3.67,3.74,3.55,87.36,0,1,0
S00908,4.64,4.68,4.79,98.88,0,1,0
S00909,3.94,3.84,3.44,74.44,3,0,1
S00910,3.07,3.11,2.93,68.66,2,1,1
S00911,4.84,4.83,4.81,88.65,1,1,0
S00912,3.69,3.89,3.87,88.7,3,1,0
S00913,3.78,3.88,3.7,94.68,0,0,0
S00914,3.82,3.85,4.06,84.14,1,0,0
S00915,2.86,2.46,2.22,89.78,2,1,0
S00916,2.04,1.47,1.33,73.98,4,2,1
S00917,2.8,2.69,2.23,66.12,2,2,1
S00918,3.27,3.04,3.12,85.84,1,0,0
S00919,3.43,3.24,3.35,73.13,3,2,0
S00920,4.86,4.78,4.55,94.07,1,1,0
S00921,3.0,2.44,1.63,66.88,6,1,1
S00922,4.94,4.96,5,99.23,0,1,0
S00923,4.52,4.54,4.77,86.95,0,0,0
S00924,2.79,2.62,2.04,52.18,6,1,1
S00925,2.38,2.13,2.01,60.06,5,3,1
S00926,2.72,2.39,2.13,69.2,3,3,0
S00927,2.88,3.06,2.68,82.83,2,1,1
S00928,4.85,4.73,4.95,98.19,0,0,0
S00929,3.13,2.99,2.84,88.73,2,0,1
S00930,2.89,2.41,2.36,87.84,1,1,0
S00931,2.94,2.98,2.93,68.14,3,1,0
S00932,2.65,1.92,1.7,60.54,3,2,1
S00933,4.88,4.85,4.6,90.36,1,0,1
S00934,2.62,2.04,1.19,54.45,4,2,1
S00935,2.86,2.88,2.78,72.52,2,2,1
S00936,4.38,4.27,4.23,92.99,1,1,0
S00937,3.0,2.68,1.99,52.22,3,4,0
S00938,4.88,4.7,4.91,92.96,0,0,0
S00939,4.85,4.96,5,91.69,0,0,0
S00940,2.56,2.36,1.38,54.3,6,3,1
S00941,3.18,2.29,2.08,54.08,3,4,1
S00942,3.86,3.84,3.83,69.79,3,2,1
S00943,3.13,2.97,2.73,72.02,3,2,0
S00944,4.98,5,4.81,86.99,1,0,0
S00945,3.59,3.57,3.47,66.63,1,2,1
S00946,4.4,4.26,4.27,96.08,0,0,0
S00947,3.55,3.22,3.12,76.35,2,2,0
S00948,4.0,3.72,3.81,75.17,1,2,0
S00949,3.52,3.05,3.06,66.17,2,2,0
S00950,3.87,3.66,3.7,82.46,0,1,0
S00951,2.13,1.77,1.61,63.76,2,4,1
S00952,4.72,4.93,5,86.45,1,0,0
S00953,3.2,2.68,2.37,42.77,6,4,1
S00954,3.61,3.17,2.71,65.83,2,2,1
S00955,4.89,4.86,4.76,93.27,0,0,0
S00956,3.21,2.98,2.55,83.8,1,2,0
S00957,3.43,3.26,3.06,80.51,1,1,0
S00958,2.84,2.7,2.61,67.7,1,2,0
S00959,3.98,4.11,3.7,77.72,2,1,0
S00960,3.06,2.66,2.19,68.19,3,1,0
S00961,3.3,3.21,3.09,68.64,2,1,0
S00962,4.96,4.97,5,84.6,0,0,0
S00963,3.88,4.08,4.23,88.15,1,1,0
S00964,4.41,4.64,4.7,89.54,0,0,0
S00965,1.87,1.6,1.49,48.47,3,4,1
S00966,4.63,4.85,4.77,95.32,0,1,0
S00967,2.42,2.26,2.13,44.38,4,4,1
S00968,3.87,3.4,2.92,69.95,1,0,0
S00969,3.28,3.16,2.79,65.54,2,0,1
S00970,3.33,3.38,2.96,88.4,2,1,1
S00971,2.92,2.07,1.09,77.91,5,1,1
S00972,2.02,1.77,1.19,66.39,4,4,0
S00973,3.66,3.72,3.57,91.64,0,1,0
S00974,3.19,2.78,2.64,79.6,2,0,0
S00975,3.14,2.55,2.3,54.75,6,3,1
S00976,3.25,3.01,3.0,82.89,2,1,1
S00977,4.89,4.93,4.7,85.95,0,1,0
S00978,4.03,4.22,4.26,98.84,1,1,0
S00979,3.72,3.69,3.62,92.51,1,1,0
S00980,3.37,3.44,3.16,74.56,1,1,1
S00981,3.3,2.86,2.95,77.82,3,0,0
S00982,1.97,1.81,1.68,47.61,3,3,1
S00983,3.88,3.97,3.6,80.1,1,2,0
S00984,1.81,1.47,0.63,69.76,5,4,0
S00985,1.82,1.2,0.21,76.16,5,2,1
S00986,3.46,3.33,3.38,83.94,3,1,1
S00987,4.78,4.75,4.97,89.52,1,1,0
S00988,3.79,3.98,3.88,95.28,1,1,0
S00989,4.56,4.51,4.65,91.68,1,0,0
S00990,3.79,4.03,4.28,92.23,1,1,0
S00991,4.35,4.19,4.0,92.25,1,1,0
S00992,4.37,4.14,4.23,90.8,0,0,0
S00993,2.28,2.0,1.3,42.66,2,3,1
S00994,4.8,4.76,4.59,83.99,1,1,0
S00995,4.87,4.72,4.9,87.58,1,0,0
S00996,2.8,2.3,1.58,50.47,2,2,1
S00997,2.83,2.53,2.13,61.63,5,4,1
S00998,3.73,3.8,4.01,88.24,1,1,0
S00999,2.1,1.8,0.89,67.86,5,4,0
S01000,4.4,4.34,4.57,86.31,0,1,0
